Admin,Ekkarach,peach,13124,true,images/adminimage/peach.jpg
Admin,suwapat,pong,36412,true,images/adminimage/pong.jpg
Admin,chutikan,man,1234,true,images/adminimage/man.jpg
Admin,Bodin,fifa,1234,true,images/adminimage/fifa.jpg
User,red,TheLegend,1478953,true,No shop,0,412360.0,Not reported,images\userimage/TheLegend.png
User,Mash,Shielder,2545856,true,No shop,0,434000.0,Not reported,images\userimage/Shielder.jpg
User,peach,Peachhh,369741,true,No shop,0,273000.0,Not reported,images\userimage/pongPong.png
User,ruby,DesignerBoy,147896321,true,No shop,0,198000.0,Not reported,images\userimage/.jpg
User,squid word,MrHandsomeSquid,657321,true,No shop,0,258500.0,Not reported,images\userimage/MrHandsomeSquid.png
User,Bodin,fifaza,123,true,fifashopshop,0,18000.0,reported,images/userimage/fifaza.jpg
User,pong,pongPong,987321,true,Clockshop,0,61490.0,Not reported,images\userimage/pongPong.png
User,John Cena,JC,7532159,true,JCRun,0,0.0,Not reported,images\userimage/JC.jpg
User,man srisomphan,manku80,1908,true,manku80,0,0.0,reported,images/userimage/manKU80.png
User,Champa,GodOFD,9852,false,No shop,0,0.0,Not reported,images\userimage/.jpg
